jenis,nama_lama,nama_baru
TABLE,DIMST_APPLICATIONS,SKMST_APPLICATIONS
TABLE,DIMST_IDENTITASES,SKMST_IDENTITASES
TABLE,DIMST_USERAPPLICATIONS,SKMST_USERAPPLICATIONS
TABLE,DIMST_USERS,SKMST_USERS
TABLE,IMMST_CONTENTS,SKMST_CONTENTS
TABLE,IMMST_PRODUCTCONTENTS,SKMST_PRODUCTCONTENTS
TABLE,LBMST_CLABITEMS,SKMST_CLABITEMS
TABLE,LBMST_CLABS,SKMST_CLABS
TABLE,LBTXN_CHECKUPDTLS,SKTXN_CHECKUPDTLS
TABLE,LBTXN_CHECKUPHDRS,SKTXN_CHECKUPHDRS
TABLE,LBTXN_CHECKUPOBATS,SKTXN_CHECKUPOBATS
TABLE,LBTXN_CHECKUPOUTDTLS,SKTXN_CHECKUPOUTDTLS
TABLE,RSMST_ACCDOCOTHERS,SKMST_ACCDOCOTHERS
TABLE,RSMST_ACCDOCPRODUCTS,SKMST_ACCDOCPRODUCTS
TABLE,RSMST_ACCDOCS,SKMST_ACCDOCS
TABLE,RSMST_ACTEMPS,SKMST_ACTEMPS
TABLE,RSMST_ACTEOTHERS,SKMST_ACTEOTHERS
TABLE,RSMST_ACTEPRODS,SKMST_ACTEPRODS
TABLE,RSMST_ACTPARAMEDICS,SKMST_ACTPARAMEDICS
TABLE,RSMST_ACTPAROTHERS,SKMST_ACTPAROTHERS
TABLE,RSMST_ACTPARPRODUCTS,SKMST_ACTPARPRODUCTS
TABLE,RSMST_DESAS,SKMST_DESAS
TABLE,RSMST_DOCTORS,SKMST_DOCTORS
TABLE,RSMST_EDUCATIONS,SKMST_EDUCATIONS
TABLE,RSMST_ENTRYTYPES,SKMST_ENTRYTYPES
TABLE,RSMST_JOBS,SKMST_JOBS
TABLE,RSMST_KABUPATENS,SKMST_KABUPATENS
TABLE,RSMST_KECAMATANS,SKMST_KECAMATANS
TABLE,RSMST_KLAIMTYPES,SKMST_KLAIMTYPES
TABLE,RSMST_LOINC_CODES,SKMST_LOINC_CODES
TABLE,RSMST_MEDIK,SKMST_MEDIK
TABLE,RSMST_MSTDIAGS,SKMST_MSTDIAGS
TABLE,RSMST_MSTPROCEDURES,SKMST_MSTPROCEDURES
TABLE,RSMST_OTHERS,SKMST_OTHERS
TABLE,RSMST_OUTS,SKMST_OUTS
TABLE,RSMST_PARAMETERS,SKMST_PARAMETERS
TABLE,RSMST_PASIENS,SKMST_PASIENS
TABLE,RSMST_POLIS,SKMST_POLIS
TABLE,RSMST_PROPINSIS,SKMST_PROPINSIS
TABLE,RSMST_RADIOLOGIS,SKMST_RADIOLOGIS
TABLE,RSMST_RELIGIONS,SKMST_RELIGIONS
TABLE,RSMST_SNOMED_CODES,SKMST_SNOMED_CODES
TABLE,RSTXN_RJACCDOCS,SKTXN_RJACCDOCS
TABLE,RSTXN_RJACTEMPS,SKTXN_RJACTEMPS
TABLE,RSTXN_RJACTPARAMS,SKTXN_RJACTPARAMS
TABLE,RSTXN_RJCASHINS,SKTXN_RJCASHINS
TABLE,RSTXN_RJDTLS,SKTXN_RJDTLS
TABLE,RSTXN_RJHDRS,SKTXN_RJHDRS
TABLE,RSTXN_RJLABS,SKTXN_RJLABS
TABLE,RSTXN_RJOBATRACIKANS,SKTXN_RJOBATRACIKANS
TABLE,RSTXN_RJOBATS,SKTXN_RJOBATS
TABLE,RSTXN_RJOTHERS,SKTXN_RJOTHERS
TABLE,RSTXN_RJRADS,SKTXN_RJRADS
TABLE,RSTXN_RJUPLOADBPJSES,SKTXN_RJUPLOADBPJSES
TABLE,RSTXN_SHIFTCTLS,SKTXN_SHIFTCTLS
TABLE,SCMST_SCDAYS,SKMST_SCDAYS
TABLE,SCMST_SCPOLIS,SKMST_SCPOLIS
TABLE,TKACC_ACCOUNTSES,SKACC_ACCOUNTSES
TABLE,TKACC_CARABAYARS,SKACC_CARABAYARS
TABLE,TKACC_CONFACCTXNS,SKACC_CONFACCTXNS
TABLE,TKACC_GR_ACCOUNTSES,SKACC_GR_ACCOUNTSES
TABLE,TKACC_TEMACCOUNTES,SKACC_TEMACCOUNTES
TABLE,TKACC_TEMLABARUGINERACADTLS,SKACC_TEMLABARUGINERACADTLS
TABLE,TKACC_TEMLABARUGINERACAHDRS,SKACC_TEMLABARUGINERACAHDRS
TABLE,TKACC_TUCICOS,SKACC_TUCICOS
TABLE,TKMST_CATEGORIES,SKMST_CATEGORIES
TABLE,TKMST_CUSTOMERS,SKMST_CUSTOMERS
TABLE,TKMST_EX_IMS,SKMST_EX_IMS
TABLE,TKMST_KASIRS,SKMST_KASIRS
TABLE,TKMST_KOTAS,SKMST_KOTAS
TABLE,TKMST_PRODUCTPAKETS,SKMST_PRODUCTPAKETS
TABLE,TKMST_PRODUCTS,SKMST_PRODUCTS
TABLE,TKMST_PROVS,SKMST_PROVS
TABLE,TKMST_SUPPLIERS,SKMST_SUPPLIERS
TABLE,TKMST_UOMS,SKMST_UOMS
TABLE,TKTXN_CASHINDTLS,SKTXN_CASHINDTLS
TABLE,TKTXN_CASHINHDRS,SKTXN_CASHINHDRS
TABLE,TKTXN_CASHOUTDTLS,SKTXN_CASHOUTDTLS
TABLE,TKTXN_CASHOUTHDRS,SKTXN_CASHOUTHDRS
TABLE,TKTXN_RCVDTLS,SKTXN_RCVDTLS
TABLE,TKTXN_RCVHDRS,SKTXN_RCVHDRS
TABLE,TKTXN_RCVPAYMENTS,SKTXN_RCVPAYMENTS
TABLE,TKTXN_SALDOAWALAKUNS,SKTXN_SALDOAWALAKUNS
TABLE,TKTXN_SALDOAWALHUTANGS,SKTXN_SALDOAWALHUTANGS
TABLE,TKTXN_SALDOAWALPIUTANGS,SKTXN_SALDOAWALPIUTANGS
TABLE,TKTXN_SALDOAWALSTOCKS,SKTXN_SALDOAWALSTOCKS
TABLE,TKTXN_SLSDTLS,SKTXN_SLSDTLS
TABLE,TKTXN_SLSHDRS,SKTXN_SLSHDRS
TABLE,TKTXN_SLSKIRIMS,SKTXN_SLSKIRIMS
TABLE,TKTXN_SLSPAYMENTS,SKTXN_SLSPAYMENTS
TABLE,TKTXN_SOWHS,SKTXN_SOWHS
TABLE,TKTXN_TUCASHINS,SKTXN_TUCASHINS
TABLE,TKTXN_TUCASHOUTS,SKTXN_TUCASHOUTS
VIEW,DIVIEW_APPLICATIONS,SKVIEW_APPLICATIONS
VIEW,RSVIEW_CHECKUPS,SKVIEW_CHECKUPS
VIEW,RSVIEW_DASHBOARD10RJS,SKVIEW_DASHBOARD10RJS
VIEW,RSVIEW_DASHBOARDKUNJ_C_LAB,SKVIEW_DASHBOARDKUNJ_C_LAB
VIEW,RSVIEW_DASHBOARDKUNJ_C_LABX,SKVIEW_DASHBOARDKUNJ_C_LABX
VIEW,RSVIEW_DASHBOARDKUNJ_D_LAB,SKVIEW_DASHBOARDKUNJ_D_LAB
VIEW,RSVIEW_DASHBOARDKUNJ_D_LABX,SKVIEW_DASHBOARDKUNJ_D_LABX
VIEW,RSVIEW_DASHBOARDSLANJUTAN,SKVIEW_DASHBOARDSLANJUTAN
VIEW,RSVIEW_DASHBOARD_F20_HTCT,SKVIEW_DASHBOARD_F20_HTCT
VIEW,RSVIEW_DASHBOARD_F20_JML,SKVIEW_DASHBOARD_F20_JML
VIEW,RSVIEW_DB_RJS,SKVIEW_DB_RJS
VIEW,RSVIEW_DRRJANTRIAN,SKVIEW_DRRJANTRIAN
VIEW,RSVIEW_ERMSTATUS,SKVIEW_ERMSTATUS
VIEW,RSVIEW_RADS,SKVIEW_RADS
VIEW,RSVIEW_RJKASIR,SKVIEW_RJKASIR
VIEW,RSVIEW_RJRADS,SKVIEW_RJRADS
VIEW,RSVIEW_RJREGS,SKVIEW_RJREGS
VIEW,RSVIEW_RJSTRS,SKVIEW_RJSTRS
VIEW,RSVIEW_RJUPLOADBPJSES,SKVIEW_RJUPLOADBPJSES
VIEW,RSVIEW_RSLABS,SKVIEW_RSLABS
VIEW,SCVIEW_SCPOLIS,SKVIEW_SCPOLIS
VIEW,TKVIEW_ACCOUNTS,SKVIEW_ACCOUNTS
VIEW,TKVIEW_ACCOUNTS_LABARUGI,SKVIEW_ACCOUNTS_LABARUGI
VIEW,TKVIEW_ACCOUNTS_NERACA,SKVIEW_ACCOUNTS_NERACA
VIEW,TKVIEW_ACCTEMPLATE,SKVIEW_ACCTEMPLATE
VIEW,TKVIEW_HPPES,SKVIEW_HPPES
VIEW,TKVIEW_IOHUTANGS,SKVIEW_IOHUTANGS
VIEW,TKVIEW_IOPIUTANGS,SKVIEW_IOPIUTANGS
VIEW,TKVIEW_IOSTOCKWHS,SKVIEW_IOSTOCKWHS
VIEW,TKVIEW_LASTRCV,SKVIEW_LASTRCV
VIEW,TKVIEW_RCVDTLS,SKVIEW_RCVDTLS
VIEW,TKVIEW_RCVHDRS,SKVIEW_RCVHDRS
VIEW,TKVIEW_RCVPAYS,SKVIEW_RCVPAYS
VIEW,TKVIEW_SALDOAKHIRSTOCKS,SKVIEW_SALDOAKHIRSTOCKS
VIEW,TKVIEW_SALDOAWALHUTANG,SKVIEW_SALDOAWALHUTANG
VIEW,TKVIEW_SALDOAWALPIUTANG,SKVIEW_SALDOAWALPIUTANG
VIEW,TKVIEW_SALDOAWALSTOCKS,SKVIEW_SALDOAWALSTOCKS
VIEW,TKVIEW_SALDOSTOCK_LIST,SKVIEW_SALDOSTOCK_LIST
VIEW,TKVIEW_SLSHDRS,SKVIEW_SLSHDRS
VIEW,TKVIEW_SLSPAYS,SKVIEW_SLSPAYS
